맵,층,몹1,레벨1,속성1,체력1,몹2,레벨2,속성2,체력2,몹3,레벨3,속성3,체력3,반복1,반복갯수1,반복2,반복갯수2,반복3,반복갯수3,반복4,반복갯수4,최초1,최초갯수1,최초2,최초갯수2,최초3,최초갯수3,최초4,최초갯수4
기어 사바나,1,파피몬,21,데,1417,팔몬,21,데,1501,캔들몬,21,데,951,포션박스 Lv.2,1,Data : 미허가,3,,,,,300 EXP 물약,2,식빵,20
기어 사바나,2,아구몬,22,백,1661,피요몬,22,백,1107,텐타몬,22,백,1023,포션박스 Lv.2,1,Data : 미허가,3,,,,,300 EXP 물약,2,식빵,20
기어 사바나,3,올챙몬,23,바,1015,쿠네몬,23,바,1128,아기벌몬,23,바,878,포션박스 Lv.2,1,Data : 미허가,3,,,,,300 EXP 물약,2,식빵,20
기어 사바나,4,쉬라몬,24,백,1236,베타몬,24,바,1193,파닥몬,24,데,984,포션박스 Lv.2,1,Data : 미허가,3,,,,,300 EXP 물약,2,식빵,20
기어 사바나,5,츄몬,25,바,818,츄몬,25,바,818,츄몬,25,바,818,포션박스 Lv.2,1,Data : 미허가,3,,,,,300 EXP 물약,2,식빵,20
기어 사바나,6,울퉁몬,26,데,1223,울퉁몬,26,데,1223,울퉁몬,26,데,1223,포션박스 Lv.2,1,Data : 미허가,3,,,,,300 EXP 물약,2,식빵,20
기어 사바나,7,플롯트몬,27,백,1289,플롯트몬,27,백,1289,플롯트몬,27,백,1289,포션박스 Lv.2,1,Data : 미허가,3,,,,,300 EXP 물약,2,식빵,20
기어 사바나,8,기자몬,28,바,1365,레나몬,28,데,1165,쉬라몬,28,백,1267,포션박스 Lv.2,1,Data : 미허가,3,,,,,300 EXP 물약,2,식빵,20
기어 사바나,9,머슈몬,29,바,1143,톱니몬,29,바,1810,가지몬,29,바,1364,포션박스 Lv.2,1,Data : 미허가,3,,,,,300 EXP 물약,2,식빵,20
기어 사바나,10,고부리몬,30,바,1061,고부리몬,30,바,1061,고부리몬,30,바,1061,포션박스 Lv.2,1,Data : 미허가,3,,,,,300 EXP 물약,2,식빵,20
기어 사바나,11,에렉몬,31,데,1321,피코데블몬,31,바,1232,캔들몬,31,데,1031,포션박스 Lv.2,1,900 EXP 물약,1,포텐셜 조각,3,Data : 미허가,3,900 EXP 물약,2,식빵,20
기어 사바나,12,브이몬,32,프,1594,브이몬,32,프,1594,브이몬,32,프,1594,포션박스 Lv.2,1,900 EXP 물약,1,포텐셜 조각,3,Data : 미허가,3,900 EXP 물약,2,식빵,20
기어 사바나,13,케라몬,33,언,1262,케라몬,33,언,1262,케라몬,33,언,1262,포션박스 Lv.2,1,900 EXP 물약,2,포텐셜 조각,3,Data : 미허가,3,900 EXP 물약,3,식빵,20
기어 사바나,14,아구몬,34,백,1557,그레이몬,34,백,3151,올챙몬,34,바,945,포션박스 Lv.2,1,900 EXP 물약,2,포텐셜 조각,3,Data : 미허가,3,900 EXP 물약,3,식빵,20
기어 사바나,15,파피몬,35,데,1446,가루몬,35,백,3015,쿠네몬,35,바,1137,포션박스 Lv.2,1,900 EXP 물약,2,포텐셜 조각,3,Data : 미허가,3,900 EXP 물약,4,식빵,20,배틀속도 증가 (1일),1
기어 사바나,16,피요몬,36,백,1130,버드라몬,36,백,2904,베타몬,36,바,1202,포션박스 Lv.2,1,900 EXP 물약,4,포텐셜 조각,4,Data : 미허가,5,3000 EXP 물약,2,식빵,20,비트 획득율 100% (1일),1
기어 사바나,17,텐타몬,37,백,1050,캅테리몬,37,백,2980,가지몬,37,바,1339,포션박스 Lv.2,1,900 EXP 물약,4,포텐셜 조각,4,Data : 미허가,5,3000 EXP 물약,2,식빵,20,경험치 20% 증가 (1일),1
기어 사바나,18,팔몬,38,데,1561,니드몬,38,데,4247,아기벌몬,38,바,902,포션박스 Lv.2,1,900 EXP 물약,4,포텐셜 조각,4,Data : 미허가,5,3000 EXP 물약,2,식빵,20
기어 사바나,19,쉬라몬,39,백,1269,원뿔몬,39,백,3004,올챙몬,39,바,1049,포션박스 Lv.2,1,900 EXP 물약,5,포텐셜 조각,4,Data : 미허가,5,3000 EXP 물약,2,식빵,20
기어 사바나,20,파닥몬,40,데,1016,엔젤몬,40,백,2319,아기벌몬,40,바,913,포션박스 Lv.2,1,900 EXP 물약,5,포텐셜 조각,4,Data : 미허가,5,3000 EXP 물약,2,식빵,20
기어 사바나,21,플롯트몬,41,백,1402,가트몬,41,백,2062,피코데블몬,41,바,1307,포션박스 Lv.2,1,3000 EXP 물약,3,포텐셜 조각,5,Data : 미허가,5,6000 EXP 물약,2,식빵,20,배틀속도 증가 (1일),1
기어 사바나,22,쿠네몬,42,바,1267,쿠가몬,42,바,3253,레나몬,42,데,1267,포션박스 Lv.2,1,3000 EXP 물약,3,포텐셜 조각,5,Data : 미허가,5,6000 EXP 물약,2,식빵,20,비트 획득율 100% (1일),1
기어 사바나,23,기자몬,43,바,1493,시드라몬,43,데,3962,머슈몬,43,바,1242,포션박스 Lv.2,1,3000 EXP 물약,3,포텐셜 조각,5,Data : 미허가,5,6000 EXP 물약,2,식빵,20,경험치 20% 증가 (1일),1
기어 사바나,24,에렉몬,44,데,1426,쉘몬,44,데,4440,가지몬,44,바,1491,포션박스 Lv.2,1,6000 EXP 물약,2,포텐셜 조각,5,Data : 미허가,5,6000 EXP 물약,3,식빵,20
기어 사바나,25,캔들몬,45,데,1100,메라몬,45,데,2790,레어몬,45,바,2059,포션박스 Lv.2,1,6000 EXP 물약,2,포텐셜 조각,6,Data : 미허가,5,6000 EXP 물약,3,식빵,20
기어 사바나,26,레나몬,46,데,1375,가드로몬,46,바,2805,유니몬,46,백,2748,포션박스 Lv.2,1,6000 EXP 물약,3,포텐셜 조각,6,Data : 미허가,7,9000 EXP 물약,3,식빵,20
기어 사바나,27,츄몬,47,바,989,워매몬,48,바,2850,다크티라노몬,47,바,3504,포션박스 Lv.2,1,6000 EXP 물약,3,포텐셜 조각,6,Data : 미허가,7,9000 EXP 물약,3,식빵,20,배틀속도 증가 (1일),1
기어 사바나,28,머슈몬,48,바,1355,우드몬,48,바,2862,데블몬,48,바,2515,포션박스 Lv.2,1,9000 EXP 물약,3,포텐셜 조각,7,Data : 미허가,7,9000 EXP 물약,4,식빵,20,비트 획득율 100% (1일),1
기어 사바나,29,피코데블몬,49,바,1450,고스몬,49,바,2095,아이스몬,49,데,3419,포션박스 Lv.2,1,9000 EXP 물약,3,포텐셜 조각,7,Data : 미허가,7,9000 EXP 물약,5,식빵,20,경험치 20% 증가 (1일),1
기어 사바나,30,톱니몬,50,바,2168,메카노몬,50,바,3203,스파이더몬,50,바,2449,포션박스 Lv.2,1,9000 EXP 물약,4,포텐셜 조각,8,Data : 미허가,9,9000 EXP 물약,6,식빵,20,완전한 성숙기 디지코어,1

무한 산,1,쉘몬,41,데,2714,레오몬,41,백,2633,그레이몬,41,백,2370,포션박스 Lv.2,2,Data : 미허가,5,,,,,샌드위치,20,타임몬의 시계바늘(1시간),3
무한 산,2,메라몬,41,데,1700,모털몬,41,백,2003,가루몬,41,백,2066,포션박스 Lv.2,2,Data : 미허가,5,,,,,샌드위치,20,포도,5
무한 산,3,가드로몬,42,바,2015,소울몬,42,바,1873,버드라몬,42,백,1995,포션박스 Lv.2,2,Data : 미허가,5,,,,,샌드위치,20,사과,5
무한 산,4,워매몬,42,바,2038,말벌몬,42,바,1913,캅테리몬,42,백,2038,포션박스 Lv.2,2,Data : 미허가,5,,,,,샌드위치,20,오렌지,5
무한 산,5,우드몬,43,바,2050,프리지몬,43,백,2746,니드몬,43,데,2910,포션박스 Lv.2,2,Data : 미허가,5,,,,,샌드위치,20,헤이즐넛,5
무한 산,6,메카노몬,43,바,2275,우가몬,43,바,2007,원뿔몬,43,백,2050,포션박스 Lv.2,2,Data : 미허가,5,,,,,샌드위치,20,풋사과,5
무한 산,7,고스몬,44,바,1503,켄터스몬,44,데,1668,엔젤몬,44,백,1586,포션박스 Lv.2,2,Data : 미허가,5,,,,,샌드위치,20,코코넛,5
무한 산,8,레어몬,44,바,1277,브이드라몬,44,백,1833,가트몬,44,백,1297,포션박스 Lv.2,2,Data : 미허가,5,,,,,샌드위치,20,복숭아,5
무한 산,9,유니몬,45,백,2009,구미호몬,45,데,1781,쿠가몬,45,바,2051,포션박스 Lv.2,2,Data : 미허가,5,,,,,샌드위치,20,유년기1 디지타마,1
무한 산,10,다크티라노몬,45,바,2551,해바라기몬,45,데,2737,시드라몬,45,데,2488,포션박스 Lv.2,2,Data : 미허가,5,,,,,샌드위치,20,유년기2 디지타마,1
무한 산,11,데블몬,46,바,2053,모노크로몬,46,데,2430,그레이몬,46,백,2733,포션박스 Lv.2,2,포텐셜 조각,6,포도,2,Data : 미허가,7,샌드위치,20,타임몬의 시계바늘(1시간),5
무한 산,12,스파이더몬,46,바,1983,데블드라몬,46,바,1983,가루몬,46,백,2383,포션박스 Lv.2,2,포텐셜 조각,6,사과,2,Data : 미허가,7,샌드위치,20,포도,7
무한 산,13,아이스몬,47,데,2794,두리몬,47,데,2041,버드라몬,47,백,2299,포션박스 Lv.2,2,포텐셜 조각,6,오렌지,2,Data : 미허가,7,샌드위치,20,사과,7
무한 산,14,스파이더몬,47,바,1994,티라노몬,47,데,2513,캅테리몬,47,백,2349,포션박스 Lv.2,2,포텐셜 조각,6,헤이즐넛,2,Data : 미허가,7,샌드위치,20,오렌지,7
무한 산,15,아이스몬,48,데,2809,꼬끼몬,48,데,2169,니드몬,48,데,3351,포션박스 Lv.2,2,포텐셜 조각,6,풋사과,2,Data : 미허가,7,샌드위치,20,헤이즐넛,7
무한 산,16,레오몬,48,백,3068,스카몬,48,바,2310,원뿔몬,48,백,2361,포션박스 Lv.2,2,포텐셜 조각,7,코코넛,2,Data : 미허가,7,샌드위치,20,풋사과,7
무한 산,17,모털몬,49,백,2346,플라이몬,49,바,1967,구미호몬,49,데,2038,포션박스 Lv.2,2,포텐셜 조각,7,복숭아,2,Data : 미허가,7,샌드위치,20,코코넛,7
무한 산,18,소울몬,49,바,2180,개굴몬,49,바,1919,해바라기몬,49,데,3131,포션박스 Lv.2,2,포텐셜 조각,7,루비로망,2,Data : 미허가,8,샌드위치,20,복숭아,7
무한 산,19,말벌몬,50,바,2239,두리몬,50,데,2072,모노크로몬,50,데,2480,포션박스 Lv.2,2,포텐셜 조각,7,감홍,2,Data : 미허가,8,샌드위치,20,힘 고정책,5
무한 산,20,프리지몬,50,백,3194,티라노몬,50,데,2551,데블드라몬,50,바,2024,포션박스 Lv.2,2,포텐셜 조각,7,한라봉,2,Data : 미허가,8,샌드위치,20,지능 고정책,5,4% 고정책,1
무한 산,21,우가몬,51,바,3326,꼬끼몬,51,데,3122,우드몬,51,바,3399,포션박스 Lv.2,2,포텐셜 조각,8,쟌드헬,2,Data : 미허가,8,샌드위치,20,루비로망,10
무한 산,22,켄터스몬,52,데,2758,스카몬,52,바,3337,메카노몬,52,바,3785,포션박스 Lv.2,2,포텐셜 조각,8,아오리 사과,2,Data : 미허가,8,샌드위치,20,감홍,10
무한 산,23,브이드라몬,53,백,3042,플라이몬,53,바,2836,고스몬,53,바,2495,포션박스 Lv.2,2,포텐셜 조각,8,탐 콴 코코넛,2,Data : 미허가,8,샌드위치,20,한라봉,10
무한 산,24,쉘몬,54,데,4936,개굴몬,54,바,2980,레어몬,54,바,2281,포션박스 Lv.2,2,포텐셜 조각,8,신비복숭아,2,Data : 미허가,8,샌드위치,20,쟌드헬,10
무한 산,25,시드라몬,55,데,4435,메라몬,55,데,3101,유니몬,55,백,3581,포션박스 Lv.2,2,포텐셜 조각,9,모래시계,2,Data : 미허가,9,샌드위치,20,아오리 사과,10,4% 고정책,3
무한 산,26,아이스몬,56,데,4711,가드로몬,56,바,3914,다크티라노몬,56,바,4869,포션박스 Lv.2,2,포텐셜 조각,9,피리,2,Data : 미허가,9,샌드위치,20,탐 콴 코코넛,10
무한 산,27,엔젤몬,57,백,3053,워매몬,57,바,3972,데블몬,57,바,3490,포션박스 Lv.2,2,포텐셜 조각,9,디지몬 사전,2,Data : 미허가,9,샌드위치,20,신비복숭아,10
무한 산,28,가트몬,58,백,2506,고스몬,58,바,2903,쿠가몬,58,바,3938,포션박스 Lv.2,2,포텐셜 조각,10,힘 고정책,3,Data : 미허가,10,샌드위치,20,디지몬 사전,10
무한 산,29,쿠가몬,59,바,4197,레어몬,59,바,2628,시드라몬,59,데,5094,포션박스 Lv.2,2,포텐셜 조각,10,지능 고정책,3,Data : 미허가,10,샌드위치,20,부화가 임박한 성장기 디지타마 꾸러미1,1
무한 산,30,우가몬,60,바,4166,안드로몬,60,백,4566,쉘몬,60,데,5704,포션박스 Lv.2,2,포텐셜 조각,11,타임몬의 시계바늘(1시간),1,Data : 미허가,11,샌드위치,20,완전한 완전체 디지코어,1,4% 고정책,5

사막 지대,1,쉘몬,60,데,4697,레오몬,60,백,4557,그레이몬,60,백,4102,포션박스 Lv.2,2,Data : 미허가,7,,,,,미트파이,20,조각케이크,20,제로유니트,1
사막 지대,2,메라몬,60,데,2941,모털몬,60,백,3466,가루몬,60,백,3577,포션박스 Lv.2,2,Data : 미허가,7,,,,,미트파이,20,조각케이크,20,성장기 스킬 강화석,7
사막 지대,3,가드로몬,60,바,3466,소울몬,60,바,3221,버드라몬,60,백,3431,포션박스 Lv.2,2,Data : 미허가,7,,,,,미트파이,20,조각케이크,20,부서진 제로유니트,1
사막 지대,4,메가시드라몬,55,데,5544,캅테리몬,60,백,3507,워매몬,60,바,3507,포션박스 Lv.2,2,Data : 미허가,7,,,,,미트파이,20,조각케이크,20,고급 강화 재료,3
사막 지대,5,묘티스몬,56,바,5423,니드몬,60,데,4977,우드몬,60,바,3507,포션박스 Lv.2,2,Data : 미허가,7,,,,,미트파이,20,조각케이크,20,성숙기 스킬 강화석,7
사막 지대,6,에테몬,57,바,5857,원뿔몬,60,백,3757,유니몬,60,백,3639,포션박스 Lv.2,2,Data : 미허가,7,,,,,미트파이,20,조각케이크,20,9000 EXP 물약,3
사막 지대,7,피콜몬,58,데,4811,엔젤몬,60,백,2889,다크티라노몬,60,바,4620,포션박스 Lv.2,2,Data : 미허가,7,,,,,미트파이,20,조각케이크,20,빛나는 제로유니트,1
사막 지대,8,팬텀몬,59,바,2968,가트몬,60,백,2363,데블몬,60,바,3301,포션박스 Lv.2,2,Data : 미허가,7,,,,,미트파이,20,조각케이크,20,고급 강화 재료,3
사막 지대,9,캐논벌몬,60,바,6379,쿠가몬,60,바,3961,유니몬,60,백,3881,포션박스 Lv.2,2,Data : 미허가,7,,,,,미트파이,20,조각케이크,20,완전체 스킬 강화석,5
사막 지대,10,쥬레이몬,61,바,6165,시드라몬,60,데,4808,다크티라노몬,60,바,4928,포션박스 Lv.2,2,Data : 미허가,7,,,,,미트파이,20,조각케이크,20,유년기1 디지타마,1
사막 지대,11,스콜피온몬,62,데,2645,그레이몬,60,백,4688,데블몬,60,바,3521,포션박스 Lv.2,2,포텐셜 조각,9,Data : 미허가,9,,,미트파이,20,조각케이크,20,제로유니트,3
사막 지대,12,도사몬,63,데,4746,가루몬,60,백,4088,스파이더몬,60,바,3401,포션박스 Lv.2,2,포텐셜 조각,9,Data : 미허가,9,,,미트파이,20,조각케이크,20,성장기 스킬 강화석,10
사막 지대,13,고래몬,64,백,6978,버드라몬,60,백,4166,아이스몬,60,데,5066,포션박스 Lv.2,2,포텐셜 조각,9,Data : 미허가,9,,,미트파이,20,조각케이크,20,부서진 제로유니트,2
사막 지대,14,네오데블몬,65,바,5015,캅테리몬,60,백,4258,스파이더몬,60,바,3614,포션박스 Lv.2,2,포텐셜 조각,9,Data : 미허가,9,,,미트파이,20,조각케이크,20,고급 강화 재료,5
사막 지대,15,레이디데블몬,65,바,4731,니드몬,60,데,6044,아이스몬,60,데,5066,포션박스 Lv.2,2,포텐셜 조각,9,Data : 미허가,9,,,미트파이,20,조각케이크,20,성숙기 스킬 강화석,10
사막 지대,16,데이터몬,66,바,4222,원뿔몬,60,백,4258,레오몬,60,백,5534,포션박스 Lv.2,2,포텐셜 조각,10,Data : 미허가,11,,,미트파이,20,조각케이크,20,9000 EXP 물약,5
사막 지대,17,스컬그레이몬,67,바,7189,구미호몬,60,데,3656,모털몬,60,백,4209,포션박스 Lv.2,2,포텐셜 조각,10,Data : 미허가,11,,,미트파이,20,조각케이크,20,빛나는 제로유니트,2
사막 지대,18,에어로브이드라몬,68,백,4681,해바라기몬,60,데,5619,소울몬,60,바,3911,포션박스 Lv.2,2,포텐셜 조각,10,Data : 미허가,11,,,미트파이,20,조각케이크,20,고급 강화 재료,5
사막 지대,19,왕개굴몬,69,바,6469,모노크로몬,60,데,4428,말벌몬,60,바,3996,포션박스 Lv.2,2,포텐셜 조각,10,Data : 미허가,11,,,미트파이,20,조각케이크,20,완전체 스킬 강화석,7
사막 지대,20,메탈그레이몬,70,백,6151,데블드라몬,60,바,3614,프리지몬,60,백,15211,포션박스 Lv.2,2,포텐셜 조각,10,Data : 미허가,11,,,미트파이,20,조각케이크,20,유년기2 디지타마,1
사막 지대,21,워가루몬,71,백,5060,우드몬,60,바,4258,우가몬,60,바,11111,포션박스 Lv.2,2,포텐셜 조각,11,Data : 미허가,12,,,미트파이,20,조각케이크,20,제로유니트,5
사막 지대,22,가루다몬,72,백,4882,메카노몬,60,바,4726,켄터스몬,60,데,9184,포션박스 Lv.2,2,포텐셜 조각,11,Data : 미허가,12,,,미트파이,20,조각케이크,20,성장기 스킬 강화석,20
사막 지대,23,아트라캅테리몬,73,백,4851,고스몬,60,바,3103,브이드라몬,60,백,10091,포션박스 Lv.2,2,포텐셜 조각,11,Data : 미허가,12,,,미트파이,20,조각케이크,20,부서진 제로유니트,5
사막 지대,24,릴리몬,74,데,4769,레어몬,60,바,2636,쉘몬,60,데,15211,포션박스 Lv.2,2,포텐셜 조각,11,Data : 미허가,12,,,미트파이,20,조각케이크,20,고급 강화 재료,10
사막 지대,25,쥬드몬,74,백,5788,아트라캅테리몬,73,백,5277,시드라몬,60,데,4207,포션박스 Lv.2,2,포텐셜 조각,12,9000 EXP 물약,2,Data : 미허가,12,미트파이,20,조각케이크,20,성숙기 스킬 강화석,15
사막 지대,26,홀리엔젤몬,75,백,4830,릴리몬,74,데,5186,아이스몬,60,데,4172,포션박스 Lv.2,2,포텐셜 조각,12,고급 강화 재료,2,Data : 미허가,12,미트파이,20,조각케이크,20,9000 EXP 물약,7
사막 지대,27,엔젤우몬,75,백,4101,쥬드몬,74,백,6294,엔젤몬,60,백,2696,포션박스 Lv.2,2,포텐셜 조각,12,9000 EXP 물약,3,Data : 미허가,13,미트파이,20,조각케이크,20,빛나는 제로유니트,5
사막 지대,28,퍼펫몬,75,백,5611,홀리엔젤몬,75,백,5251,가트몬,60,백,2206,포션박스 Lv.2,2,포텐셜 조각,13,고급 강화 재료,3,Data : 미허가,13,미트파이,20,조각케이크,20,고급 강화 재료,10
사막 지대,29,데드메라몬,75,데,5857,엔젤우몬,75,백,4458,데드메라몬,60,데,6608,포션박스 Lv.2,2,포텐셜 조각,13,9000 EXP 물약,5,Data : 미허가,14,미트파이,20,조각케이크,20,완전체 스킬 강화석,10
사막 지대,30,안드로몬,75,백,6367,에테몬,75,바,6740,고래몬,65,백,8259,포션박스 Lv.2,2,포텐셜 조각,14,고급 강화 재료,5,Data : 미허가,14,미트파이,20,조각케이크,20,완전한 완전체 디지코어,1

어둠성 계곡,1,메탈그레이몬,71,백,6170,구미호몬,71,데,6509,캅테리몬,60,백,4759,포션박스 Lv.4,2,Data : 미허가,11,,,,,햄버거,20,밀크셰이크,20,9000 EXP 물약,10
어둠성 계곡,2,워가루몬,71,백,5506,해바라기몬,71,데,4725,레오몬,60,백,6185,포션박스 Lv.4,2,Data : 미허가,11,,,,,햄버거,20,밀크셰이크,20,제로유니트,3
어둠성 계곡,3,가루다몬,71,백,4867,소울몬,71,바,7922,모털몬,60,백,4704,포션박스 Lv.4,2,Data : 미허가,11,,,,,햄버거,20,밀크셰이크,20,부서진 제로유니트,3
어둠성 계곡,4,아트라캅테리몬,71,백,5247,말벌몬,71,바,5506,소울몬,60,바,4371,포션박스 Lv.4,2,Data : 미허가,11,,,,,햄버거,20,밀크셰이크,20,빛나는 제로유니트,3
어둠성 계곡,5,릴리몬,72,데,5573,스파이더몬,72,바,6824,말벌몬,60,바,5641,포션박스 Lv.4,2,Data : 미허가,11,,,,,햄버거,20,밀크셰이크,20,9000 EXP 물약,12
어둠성 계곡,6,쥬드몬,72,백,6764,아이스몬,72,데,7792,프리지몬,60,백,8052,포션박스 Lv.4,2,Data : 미허가,11,,,,,햄버거,20,밀크셰이크,20,제로유니트,5
어둠성 계곡,7,홀리엔젤몬,72,백,5628,꼬끼몬,72,데,7051,구미호몬,60,데,5161,포션박스 Lv.4,2,Data : 미허가,11,,,,,햄버거,20,밀크셰이크,20,부서진 제로유니트,5
어둠성 계곡,8,엔젤우몬,72,백,4778,스카몬,72,바,6028,해바라기몬,60,데,7932,포션박스 Lv.4,2,Data : 미허가,11,,,,,햄버거,20,밀크셰이크,20,빛나는 제로유니트,5
어둠성 계곡,9,안드로몬,73,백,6842,플라이몬,73,바,5756,모노크로몬,60,데,6252,포션박스 Lv.4,2,Data : 미허가,11,,,,,햄버거,20,밀크셰이크,20,9000 EXP 물약,15
어둠성 계곡,10,퍼펫몬,73,백,6554,다크티라노몬,73,바,6782,다크티라노몬,60,바,7392,포션박스 Lv.4,2,Data : 미허가,11,,,,,햄버거,20,밀크셰이크,20,성장기 스킬 강화석,30
어둠성 계곡,11,데드메라몬,73,데,5821,메탈그레이몬,73,백,6753,에테몬,70,바,7186,포션박스 Lv.4,2,포텐셜 조각,12,Data : 미허가,13,,,햄버거,20,밀크셰이크,20,피리,9
어둠성 계곡,12,메가시드라몬,73,데,5871,엔젤우몬,73,백,4433,피콜몬,70,데,5883,포션박스 Lv.4,2,포텐셜 조각,12,Data : 미허가,13,,,햄버거,20,밀크셰이크,20,루비로망,10
어둠성 계곡,13,묘티스몬,74,바,5741,데이터몬,74,바,4708,팬텀몬,70,바,3617,포션박스 Lv.4,2,포텐셜 조각,12,Data : 미허가,13,,,햄버거,20,밀크셰이크,20,감홍,10
어둠성 계곡,14,에테몬,74,바,6181,스컬그레이몬,74,바,7990,워가루몬,70,백,6384,포션박스 Lv.4,2,포텐셜 조각,12,Data : 미허가,13,,,햄버거,20,밀크셰이크,20,한라봉,10
어둠성 계곡,15,피콜몬,74,데,5061,도사몬,74,데,5342,에테몬,70,바,7726,포션박스 Lv.4,2,포텐셜 조각,12,Data : 미허가,13,,,햄버거,20,밀크셰이크,20,쟌드헬,10
어둠성 계곡,16,팬텀몬,74,바,3112,캐논벌몬,74,바,7250,피콜몬,70,데,6326,포션박스 Lv.4,2,포텐셜 조각,13,Data : 미허가,13,,,햄버거,20,밀크셰이크,20,아오리 사과,10
어둠성 계곡,17,캐논벌몬,75,바,7271,쥬레이몬,75,바,7003,아트라캅테리몬,70,백,6083,포션박스 Lv.4,2,포텐셜 조각,13,Data : 미허가,13,,,햄버거,20,밀크셰이크,20,탐 콴 코코넛,10
어둠성 계곡,18,쥬레이몬,75,바,7003,스콜피온몬,75,데,6579,메가시드라몬,70,데,7362,포션박스 Lv.4,2,포텐셜 조각,13,Data : 미허가,13,,,햄버거,20,밀크셰이크,20,신비복숭아,10
어둠성 계곡,19,스콜피온몬,75,데,6579,도사몬,75,데,5357,메탈그레이몬,70,백,7298,포션박스 Lv.4,2,포텐셜 조각,13,Data : 미허가,13,,,햄버거,20,밀크셰이크,20,디지몬 사전,9
어둠성 계곡,20,도사몬,76,데,5802,고래몬,76,백,7874,데이터몬,70,바,5411,포션박스 Lv.4,2,포텐셜 조각,13,Data : 미허가,13,,,햄버거,20,밀크셰이크,20,성숙기 스킬 강화석,30
어둠성 계곡,21,고래몬,76,백,7874,안드로몬,76,백,6896,릴리몬,70,데,5961,포션박스 Lv.4,2,포텐셜 조각,14,Data : 미허가,14,,,햄버거,20,밀크셰이크,20,완전한 성숙기 디지코어,10
어둠성 계곡,22,네오데블몬,76,바,6092,퍼펫몬,76,백,6117,쥬드몬,70,백,7234,포션박스 Lv.4,2,포텐셜 조각,14,Data : 미허가,14,,,햄버거,20,밀크셰이크,20,힘 고정책,10
어둠성 계곡,23,워가루몬,77,백,6914,데드메라몬,77,데,6403,홀리엔젤몬,70,백,6440,포션박스 Lv.4,2,포텐셜 조각,14,Data : 미허가,14,,,햄버거,20,밀크셰이크,20,지능 고정책,10
어둠성 계곡,24,데이터몬,77,바,5126,가루다몬,77,백,5388,쥬레이몬,70,바,8589,포션박스 Lv.4,2,포텐셜 조각,14,Data : 미허가,14,,,햄버거,20,밀크셰이크,20,수비 고정책,10
어둠성 계곡,25,스컬그레이몬,77,바,8701,아트라캅테리몬,77,백,5337,팬텀몬,70,바,4161,포션박스 Lv.4,2,12000 EXP 물약,3,포텐셜 조각,15,Data : 미허가,14,햄버거,20,밀크셰이크,20,저항 고정책,10
어둠성 계곡,26,에어로브이드라몬,78,백,6079,퍼펫몬,78,백,6640,홀리엔젤몬,70,백,6440,포션박스 Lv.4,2,고급 강화 재료,3,포텐셜 조각,15,Data : 미허가,14,햄버거,20,밀크셰이크,20,속도 고정책,10
어둠성 계곡,27,왕개굴몬,78,바,7800,데드메라몬,78,데,6932,엔젤우몬,70,백,5825,포션박스 Lv.4,2,12000 EXP 물약,5,포텐셜 조각,15,Data : 미허가,15,햄버거,20,밀크셰이크,20,고급 강화 재료,20
어둠성 계곡,28,네오데블몬,79,바,6590,메가시드라몬,79,데,7010,에어로브이드라몬,70,백,6795,포션박스 Lv.4,2,고급 강화 재료,5,포텐셜 조각,16,Data : 미허가,15,햄버거,20,밀크셰이크,20,완전체 스킬 강화석,20
어둠성 계곡,29,고래몬,79,백,8570,레이디데블몬,79,바,7971,왕개굴몬,70,바,9361,포션박스 Lv.4,2,12000 EXP 물약,7,포텐셜 조각,16,Data : 미허가,16,햄버거,20,밀크셰이크,20,완전한 완전체 디지코어,1
어둠성 계곡,30,묘티스몬,80,바,7855,메가시드라몬,80,데,8058,릴리몬,80,데,6525,포션박스 Lv.4,2,고급 강화 재료,7,포텐셜 조각,17,Data : 미허가,16,햄버거,20,밀크셰이크,20,단단한 성장기 디지타마1,1

현실 세계,1,팬텀몬,86,바,7281,펌프몬,85,데,8678,팬텀몬,86,바,7281,포션박스 Lv.4,3,Data : 미허가,13,,,,,햄버거,30,밀크셰이크,30,12000 EXP 물약,10
현실 세계,2,콩알몬,86,데,10476,콩알몬,86,데,10476,콩알몬,86,데,10476,포션박스 Lv.4,3,Data : 미허가,13,,,,,햄버거,30,밀크셰이크,30,제로유니트,5
현실 세계,3,패롯몬,86,백,9052,에테몬,87,바,11878,맘몬,86,백,12366,포션박스 Lv.4,3,Data : 미허가,13,,,,,햄버거,30,밀크셰이크,30,성장기 스킬 강화석,20
현실 세계,4,메가시드라몬,86,데,11421,쥬레이몬,86,바,12458,메탈티라노몬,87,바,11648,포션박스 Lv.4,3,Data : 미허가,13,,,,,햄버거,30,밀크셰이크,30,빛나는 제로유니트,5
현실 세계,5,홀리엔젤몬,87,백,10030,피콜몬,86,데,10422,엔젤우몬,87,백,9003,포션박스 Lv.4,3,Data : 미허가,13,,,,,햄버거,30,밀크셰이크,30,부서진 제로유니트,5
현실 세계,6,브롯사몬,87,데,11878,뿌띠몬,86,데,12887,쥬레이몬,87,바,12345,포션박스 Lv.4,3,Data : 미허가,13,,,,,햄버거,30,밀크셰이크,30,12000 EXP 물약,13
현실 세계,7,퍼펫몬,87,백,11204,라일라몬,87,데,9109,배드퍼펫몬,87,바,11048,포션박스 Lv.4,3,Data : 미허가,13,,,,,햄버거,30,밀크셰이크,30,고급 강화 재료,10
현실 세계,8,메탈티라노몬,87,바,11172,메탈콩알몬,87,데,11030,메탈그레이몬,87,백,12144,포션박스 Lv.4,3,Data : 미허가,13,,,,,햄버거,30,밀크셰이크,30,제로유니트,7
현실 세계,9,드라고몬,87,바,11130,데드메라몬,88,데,12057,네오데블몬,87,바,11089,포션박스 Lv.4,3,Data : 미허가,13,,,,,햄버거,30,밀크셰이크,30,빛나는 제로유니트,7
현실 세계,10,메탈그레이몬,87,백,12222,묘티스몬,89,바,12218,워가루몬,87,백,12070,포션박스 Lv.4,3,Data : 미허가,13,,,,,햄버거,30,밀크셰이크,30,부서진 제로유니트,7
현실 세계,11,스컬그레이몬,87,바,14417,스컬맘몬,90,백,17115,스컬그레이몬,87,바,14417,포션박스 Lv.4,3,포텐셜 조각,20,Data : 미허가,15,,,햄버거,30,밀크셰이크,30,성숙기 스킬 강화석,20
현실 세계,12,캐논벌몬,87,바,13079,타이거베스파몬,90,바,14233,캐논벌몬,87,바,13079,포션박스 Lv.4,3,포텐셜 조각,20,Data : 미허가,15,,,햄버거,30,밀크셰이크,30,12000 EXP 물약,15
현실 세계,13,디지타몬,88,데,12130,타이타몬,90,바,17055,리벨리몬,88,바,13065,포션박스 Lv.4,3,포텐셜 조각,20,Data : 미허가,15,,,햄버거,30,밀크셰이크,30,완전한 성숙기 디지코어,1
현실 세계,14,화이트레오몬,88,백,13161,메탈가루몬,90,데,16182,블루메라몬,88,바,12080,포션박스 Lv.4,3,포텐셜 조각,20,Data : 미허가,15,,,햄버거,30,밀크셰이크,30,고급 유기농 먹이팩(10개 선택),2
현실 세계,15,패롯몬,88,백,12149,페닉스몬,91,백,16103,패롯몬,88,백,12149,포션박스 Lv.4,3,포텐셜 조각,20,Data : 미허가,15,,,햄버거,30,밀크셰이크,30,돌연변이 치료제,1
현실 세계,16,고래몬,88,백,14032,다이버몬,88,데,12015,프레시오몬,91,데,16084,포션박스 Lv.4,3,포텐셜 조각,21,Data : 미허가,15,,,햄버거,30,밀크셰이크,30,최하급 스킬 보호석,10
현실 세계,17,아트라캅테리몬,88,백,12006,아라크네몬,88,바,12047,헤라클레스캅테리몬,91,백,16508,포션박스 Lv.4,3,포텐셜 조각,21,Data : 미허가,15,,,햄버거,30,밀크셰이크,30,중급 조합 촉매제,7
현실 세계,18,베이더몬,88,바,12057,안드로몬,88,백,12057,이바몬,92,바,16272,포션박스 Lv.4,3,포텐셜 조각,21,Data : 미허가,15,,,햄버거,30,밀크셰이크,30,스킬 강화석 변환제,5
현실 세계,19,엔젤우몬,88,백,10565,로제몬,92,데,14077,레이디데블몬,88,바,12057,포션박스 Lv.4,3,포텐셜 조각,21,Data : 미허가,15,,,햄버거,30,밀크셰이크,30,고급 장난감 상자,5
현실 세계,20,메가드라몬,89,바,12056,세인트가르고몬,92,백,18079,기가드라몬,89,바,12079,포션박스 Lv.4,3,포텐셜 조각,21,Data : 미허가,15,,,햄버거,30,밀크셰이크,30,중급 조합 촉매제,10
현실 세계,21,도사몬,89,데,11053,샤크라몬,92,데,15126,도우몬,89,데,11030,포션박스 Lv.4,3,포텐셜 조각,22,Data : 미허가,16,,,햄버거,30,밀크셰이크,30,완전체 스킬 강화석,20
현실 세계,22,빅콩알몬,90,데,12222,빅콩알몬,90,데,12222,빅콩알몬,90,데,12222,포션박스 Lv.4,3,포텐셜 조각,22,Data : 미허가,16,,,햄버거,30,밀크셰이크,30,완전한 완전체 디지코어,1
현실 세계,23,트리케라몬,90,데,12640,프레시오몬,92,데,15285,맘몬,90,백,12937,포션박스 Lv.4,3,포텐셜 조각,22,Data : 미허가,16,,,햄버거,30,밀크셰이크,30,스킬 강화석 변환제,7
현실 세계,24,가비지몬,90,바,11094,파라사이몬,92,바,13099,데이터몬,90,바,11071,포션박스 Lv.4,3,포텐셜 조각,22,Data : 미허가,16,,,햄버거,30,밀크셰이크,30,5% 고정책,3
현실 세계,25,바이킹몬,92,프,15065,쥬드몬,89,백,13022,바이킹몬,92,프,15065,포션박스 Lv.4,3,15000 EXP 물약,3,포텐셜 조각,23,Data : 미허가,16,햄버거,30,밀크셰이크,30,최고급 강화 재료,10
현실 세계,26,쿠즈하몬,93,데,15080,엔젤우몬,89,백,11011,샤크라몬,93,데,15131,포션박스 Lv.4,3,포텐셜 조각,23,최고급 강화 재료,1,Data : 미허가,16,햄버거,30,밀크셰이크,30,궁극체 스킬 강화석,5
현실 세계,27,반쵸레오몬,93,백,17072,샤벨레오몬,93,데,16109,화이트레오몬,89,백,13050,포션박스 Lv.4,3,15000 EXP 물약,5,포텐셜 조각,23,Data : 미허가,17,햄버거,30,밀크셰이크,30,에보류터,1
현실 세계,28,디아블로몬,93,언,16128,인펠몬,89,언,13013,디아블로몬,93,언,16128,포션박스 Lv.4,3,포텐셜 조각,24,최고급 강화 재료,2,Data : 미허가,17,햄버거,30,밀크셰이크,30,5% 고정책,5
현실 세계,29,세라피몬,93,백,16104,홀리드라몬,93,백,16579,오파니몬,93,백,16160,포션박스 Lv.4,3,15000 EXP 물약,7,포텐셜 조각,24,Data : 미허가,18,햄버거,30,밀크셰이크,30,궁극체 스킬 강화석,7
현실 세계,30,워그레이몬,95,백,18591,베놈묘티스몬,95,바,19273,메탈가루몬,95,데,18093,포션박스 Lv.4,3,포텐셜 조각,25,최고급 강화 재료,3,Data : 미허가,17,햄버거,30,밀크셰이크,30,단단한 성장기 디지타마1,1

스파이럴 마운틴,1,스콜피온몬,91,데,14840,디지타몬,90,데,11062,트리케라몬,91,데,15320,포션박스 Lv.4,3,Data : 미허가,14,,,,,햄버거,30,밀크셰이크,30,15000 EXP 물약,10
스파이럴 마운틴,2,콩알몬,91,데,11083,빅콩알몬,91,데,12882,메탈콩알몬,91,데,11083,포션박스 Lv.4,3,Data : 미허가,14,,,,,햄버거,30,밀크셰이크,30,디지몬 음식 믹서기,20
스파이럴 마운틴,3,네오데블몬,91,바,11638,레이디데블몬,92,바,11878,마린데블몬,91,바,11680,포션박스 Lv.4,3,Data : 미허가,14,,,,,햄버거,30,밀크셰이크,30,성장기 스킬 강화석,20
스파이럴 마운틴,4,리벨리몬,91,바,12383,폭탄몬,91,백,10985,초핫카이몬,92,데,12116,포션박스 Lv.4,3,Data : 미허가,14,,,,,햄버거,30,밀크셰이크,30,소서러몬의 지팡이,1
스파이럴 마운틴,5,메탈그레이몬,92,백,13689,안드로몬,91,백,12696,마스터티라노몬,92,백,13436,포션박스 Lv.4,3,Data : 미허가,14,,,,,햄버거,30,밀크셰이크,30,EVP데이터 칩(100%),15
스파이럴 마운틴,6,고래몬,92,백,14648,메탈시드라몬,91,데,14919,드라고몬,92,바,11087,포션박스 Lv.4,3,Data : 미허가,14,,,,,햄버거,30,밀크셰이크,30,15000 EXP 물약,13
스파이럴 마운틴,7,쥬레이몬,92,바,13590,피노키몬,92,바,15135,브롯사몬,92,데,14091,포션박스 Lv.4,3,Data : 미허가,14,,,,,햄버거,30,밀크셰이크,30,제로유니트,10
스파이럴 마운틴,8,메가드라몬,92,바,11737,파워드라몬,92,바,18242,기가드라몬,92,바,12144,포션박스 Lv.4,3,Data : 미허가,14,,,,,햄버거,30,밀크셰이크,30,고급 유기농 먹이팩(10개 선택),2
스파이럴 마운틴,9,조커몬,92,바,11227,피에몬,93,바,15709,레이디데블몬,92,바,13239,포션박스 Lv.4,3,Data : 미허가,14,,,,,햄버거,30,밀크셰이크,30,고급 장난감 상자,3
스파이럴 마운틴,10,나이트몬,92,데,12720,타이타몬,94,바,18336,미스티몬,92,바,11606,포션박스 Lv.4,3,Data : 미허가,14,,,,,햄버거,30,밀크셰이크,30,돌연변이 치료제,1
스파이럴 마운틴,11,베놈묘티스몬,92,바,14915,미이라몬,95,바,10437,아라크네몬,92,바,10300,포션박스 Lv.4,3,포텐셜 조각,21,Data : 미허가,16,,,햄버거,30,밀크셰이크,30,성숙기 스킬 강화석,20
스파이럴 마운틴,12,레이디데블몬,92,바,12116,마스테몬,95,백,15539,엔젤우몬,92,백,8480,포션박스 Lv.4,3,포텐셜 조각,21,Data : 미허가,16,,,햄버거,30,밀크셰이크,30,15000 EXP 물약,15
스파이럴 마운틴,13,화이트레오몬,93,백,14948,샤벨레오몬,95,데,17335,반쵸레오몬,93,백,18684,포션박스 Lv.4,3,포텐셜 조각,21,Data : 미허가,16,,,햄버거,30,밀크셰이크,30,홀리 링,1
스파이럴 마운틴,14,에테몬,93,바,13472,디아블로몬,95,언,18249,메탈에테몬,93,바,22359,포션박스 Lv.4,3,포텐셜 조각,21,Data : 미허가,16,,,햄버거,30,밀크셰이크,30,최하급 스킬 보호석,10
스파이럴 마운틴,15,바이킹몬,93,프,26762,바알몬,96,프,10199,바이킹몬,93,프,26762,포션박스 Lv.4,3,포텐셜 조각,21,Data : 미허가,16,,,햄버거,30,밀크셰이크,30,완전한 성숙기 디지코어,1
스파이럴 마운틴,16,스컬맘몬,93,백,17730,스컬사탄몬,93,바,12185,스컬맘몬,93,백,19817,포션박스 Lv.4,3,포텐셜 조각,22,Data : 미허가,16,,,햄버거,30,밀크셰이크,30,빛나는 제로유니트,10
스파이럴 마운틴,17,이바몬,93,바,17937,네오반데몬,93,바,21160,베이더몬,96,바,11611,포션박스 Lv.4,3,포텐셜 조각,22,Data : 미허가,16,,,햄버거,30,밀크셰이크,30,부서진 제로유니트,10
스파이럴 마운틴,18,헤라클레스캅테리몬,93,백,19351,타이거베스파몬,93,바,15324,오쿠와몬,97,바,14018,포션박스 Lv.4,3,포텐셜 조각,22,Data : 미허가,16,,,햄버거,30,밀크셰이크,30,중급 조합 촉매제,10
스파이럴 마운틴,19,오파니몬,93,백,19953,키메라몬,97,데,16253,세라피몬,93,백,16104,포션박스 Lv.4,3,포텐셜 조각,22,Data : 미허가,16,,,햄버거,30,밀크셰이크,30,완전체 스킬 강화석,20
스파이럴 마운틴,20,마린엔젤몬,94,백,12603,넵튠몬,97,백,17027,마린엔젤몬,94,백,12631,포션박스 Lv.4,3,포텐셜 조각,23,Data : 미허가,16,,,햄버거,30,밀크셰이크,30,타임몬의 시계바늘(1시간),20
스파이럴 마운틴,21,크로스몬,94,백,16722,페닉스몬,97,백,16482,크로스몬,94,백,17958,포션박스 Lv.4,3,포텐셜 조각,23,Data : 미허가,17,,,햄버거,30,밀크셰이크,30,유대감 0.1% 증가 물약,10
스파이럴 마운틴,22,샤크라몬,95,데,15132,듀크몬,95,바,16838,세인트가르고몬,95,백,17202,포션박스 Lv.4,3,포텐셜 조각,23,Data : 미허가,17,,,햄버거,30,밀크셰이크,30,완전한 완전체 디지코어,1
스파이럴 마운틴,23,베르제브몬,95,바,17065,리리스몬,97,바,15350,베르제브몬(C),95,바,16302,포션박스 Lv.4,3,포텐셜 조각,24,Data : 미허가,17,,,햄버거,30,밀크셰이크,30,스킬 강화석 변환제,10
스파이럴 마운틴,24,갓드라몬,95,백,18202,메기드라몬,97,바,18909,홀리드라몬,95,백,21490,포션박스 Lv.4,3,포텐셜 조각,24,Data : 미허가,17,,,햄버거,30,밀크셰이크,30,5% 고정책,4
스파이럴 마운틴,25,오파니몬:폴다운모드,97,백,15245,밀레니엄몬,94,바,19841,블랙세라피몬,97,바,13717,포션박스 Lv.4,3,18000 EXP 물약,3,포텐셜 조각,24,Data : 미허가,17,햄버거,30,밀크셰이크,30,최고급 강화 재료,10
스파이럴 마운틴,26,프레시오몬,98,데,16304,메탈시드라몬,94,데,21318,프레시오몬,98,데,15973,포션박스 Lv.4,3,포텐셜 조각,25,최고급 강화 재료,1,Data : 미허가,17,햄버거,30,밀크셰이크,30,에보류터,1
스파이럴 마운틴,27,파라사이몬,98,바,13542,피노키몬,98,바,14041,파라사이몬,94,바,13244,포션박스 Lv.4,3,18000 EXP 물약,5,포텐셜 조각,25,Data : 미허가,18,햄버거,30,밀크셰이크,30,유대감 0.1% 증가 물약,20
스파이럴 마운틴,28,데스몬,98,데,15460,파워드라몬,94,바,25338,데스몬,98,데,15460,포션박스 Lv.4,3,포텐셜 조각,26,테리어몬 조수의 필기노트,1,Data : 미허가,18,햄버거,30,밀크셰이크,30,5% 고정책,6
스파이럴 마운틴,29,워그레이몬,98,백,19565,피에몬,98,바,15911,메탈가루몬,98,데,18131,포션박스 Lv.4,3,18000 EXP 물약,7,포텐셜 조각,26,Data : 미허가,19,햄버거,30,밀크셰이크,30,궁극체 스킬 강화석,10
스파이럴 마운틴,30,아포카리몬,100,언,21182,아포카리몬,100,언,21182,아포카리몬,100,언,21182,포션박스 Lv.4,3,포텐셜 조각,27,테리어몬 조수의 필기노트,2,Data : 미허가,19,햄버거,30,밀크셰이크,30,단단한 성장기 디지타마1,1